-- =========== INSERTAR DATOS EN LA TABLA SEDES ===========
INSERT INTO SEDES (ID_Sede, Nombre_Sede) VALUES (301, 'C.C Puerta del Norte');
INSERT INTO SEDES (ID_Sede, Nombre_Sede) VALUES (302, 'C.C Parque Fabricato');
INSERT INTO SEDES (ID_Sede, Nombre_Sede) VALUES (303, 'C.C La Central');
INSERT INTO SEDES (ID_Sede, Nombre_Sede) VALUES (304, 'C.C Los Molinos');
INSERT INTO SEDES (ID_Sede, Nombre_Sede) VALUES (305, 'C.C Santafé');
INSERT INTO SEDES (ID_Sede, Nombre_Sede) VALUES (306, 'C.C Premium Plaza');

-- =========== INSERTAR DATOS EN LA TABLA SERVICIOS ===========
INSERT INTO SERVICIOS (ID_Servicio, Nombre_Servicio, Precio, Duracion_min) VALUES (201, 'Corte Premium', 25000, 45);
INSERT INTO SERVICIOS (ID_Servicio, Nombre_Servicio, Precio, Duracion_min) VALUES (202, 'Afeitado Clásico', 18000, 30);
INSERT INTO SERVICIOS (ID_Servicio, Nombre_Servicio, Precio, Duracion_min) VALUES (203, 'Arreglo de Barba', 15000, 25);
INSERT INTO SERVICIOS (ID_Servicio, Nombre_Servicio, Precio, Duracion_min) VALUES (204, 'Ritual Completo (Corte + Barba)', 40000, 70);
INSERT INTO SERVICIOS (ID_Servicio, Nombre_Servicio, Precio, Duracion_min) VALUES (205, 'Corte Clásico', 20000, 40);
INSERT INTO SERVICIOS (ID_Servicio, Nombre_Servicio, Precio, Duracion_min) VALUES (206, 'Corte Infantil', 15000, 30);
INSERT INTO SERVICIOS (ID_Servicio, Nombre_Servicio, Precio, Duracion_min) VALUES (207, 'Perfilado de Cejas', 12000, 15);
INSERT INTO SERVICIOS (ID_Servicio, Nombre_Servicio, Precio, Duracion_min) VALUES (208, 'Limpieza Facial Express', 22000, 25);
INSERT INTO SERVICIOS (ID_Servicio, Nombre_Servicio, Precio, Duracion_min) VALUES (209, 'Limpieza Facial Profunda', 35000, 50);
INSERT INTO SERVICIOS (ID_Servicio, Nombre_Servicio, Precio, Duracion_min) VALUES (210, 'Coloración de Barba', 18000, 30);
INSERT INTO SERVICIOS (ID_Servicio, Nombre_Servicio, Precio, Duracion_min) VALUES (211, 'Tinte Capilar', 30000, 45);
INSERT INTO SERVICIOS (ID_Servicio, Nombre_Servicio, Precio, Duracion_min) VALUES (212, 'Masaje Capilar Relajante', 20000, 20);
INSERT INTO SERVICIOS (ID_Servicio, Nombre_Servicio, Precio, Duracion_min) VALUES (213, 'Exfoliación Facial', 28000, 30);
INSERT INTO SERVICIOS (ID_Servicio, Nombre_Servicio, Precio, Duracion_min) VALUES (214, 'Tratamiento Capilar Nutritivo', 40000, 50);
INSERT INTO SERVICIOS (ID_Servicio, Nombre_Servicio, Precio, Duracion_min) VALUES (215, 'Paquete Ejecutivo (Corte + Barba + Facial)', 60000, 90);

-- Datos de BARBEROS --
INSERT INTO BARBEROS (ID_Barbero, Nombre_Barbero, Apellido_Barbero, ID_Sede) VALUES (101, 'Ricardo', 'Gómez', 301);
INSERT INTO BARBEROS (ID_Barbero, Nombre_Barbero, Apellido_Barbero, ID_Sede) VALUES (102, 'Mateo', 'Ramírez', 301);
INSERT INTO BARBEROS (ID_Barbero, Nombre_Barbero, Apellido_Barbero, ID_Sede) VALUES (103, 'Carlos', 'Fernández', 301);
INSERT INTO BARBEROS (ID_Barbero, Nombre_Barbero, Apellido_Barbero, ID_Sede) VALUES (104, 'Andrés', 'Torres', 301);
INSERT INTO BARBEROS (ID_Barbero, Nombre_Barbero, Apellido_Barbero, ID_Sede) VALUES (105, 'Juan', 'Martínez', 301);
INSERT INTO BARBEROS (ID_Barbero, Nombre_Barbero, Apellido_Barbero, ID_Sede) VALUES (106, 'Fernando', 'Castillo', 301);
INSERT INTO BARBEROS (ID_Barbero, Nombre_Barbero, Apellido_Barbero, ID_Sede) VALUES (107, 'Luis', 'Rodríguez', 301);
INSERT INTO BARBEROS (ID_Barbero, Nombre_Barbero, Apellido_Barbero, ID_Sede) VALUES (108, 'David', 'Morales', 301);
INSERT INTO BARBEROS (ID_Barbero, Nombre_Barbero, Apellido_Barbero, ID_Sede) VALUES (109, 'Santiago', 'Herrera', 301);
INSERT INTO BARBEROS (ID_Barbero, Nombre_Barbero, Apellido_Barbero, ID_Sede) VALUES (110, 'Diego', 'Sánchez', 301);
INSERT INTO BARBEROS (ID_Barbero, Nombre_Barbero, Apellido_Barbero, ID_Sede) VALUES (111, 'Esteban', 'Ríos', 301);
INSERT INTO BARBEROS (ID_Barbero, Nombre_Barbero, Apellido_Barbero, ID_Sede) VALUES (112, 'Julián', 'Vargas', 301);
INSERT INTO BARBEROS (ID_Barbero, Nombre_Barbero, Apellido_Barbero, ID_Sede) VALUES (113, 'Alejandro', 'Navarro', 301);
INSERT INTO BARBEROS (ID_Barbero, Nombre_Barbero, Apellido_Barbero, ID_Sede) VALUES (118, 'Valeria', 'Torres', 301);
INSERT INTO BARBEROS (ID_Barbero, Nombre_Barbero, Apellido_Barbero, ID_Sede) VALUES (119, 'Laura', 'Gutiérrez', 301);
INSERT INTO BARBEROS (ID_Barbero, Nombre_Barbero, Apellido_Barbero, ID_Sede) VALUES (114, 'Sebastián', 'Cárdenas', 302);
INSERT INTO BARBEROS (ID_Barbero, Nombre_Barbero, Apellido_Barbero, ID_Sede) VALUES (115, 'Jorge', 'Patiño', 302);
INSERT INTO BARBEROS (ID_Barbero, Nombre_Barbero, Apellido_Barbero, ID_Sede) VALUES (116, 'Mauricio', 'López', 302);
INSERT INTO BARBEROS (ID_Barbero, Nombre_Barbero, Apellido_Barbero, ID_Sede) VALUES (117, 'Camilo', 'Duarte', 302);
INSERT INTO BARBEROS (ID_Barbero, Nombre_Barbero, Apellido_Barbero, ID_Sede) VALUES (120, 'Natalia', 'Jiménez', 302);
INSERT INTO BARBEROS (ID_Barbero, Nombre_Barbero, Apellido_Barbero, ID_Sede) VALUES (121, 'Felipe', 'Mejía', 302);
INSERT INTO BARBEROS (ID_Barbero, Nombre_Barbero, Apellido_Barbero, ID_Sede) VALUES (122, 'Tomás', 'Giraldo', 302);
INSERT INTO BARBEROS (ID_Barbero, Nombre_Barbero, Apellido_Barbero, ID_Sede) VALUES (123, 'Cristian', 'Pérez', 302);
INSERT INTO BARBEROS (ID_Barbero, Nombre_Barbero, Apellido_Barbero, ID_Sede) VALUES (124, 'Daniel', 'Gómez', 302);
INSERT INTO BARBEROS (ID_Barbero, Nombre_Barbero, Apellido_Barbero, ID_Sede) VALUES (125, 'Oscar', 'Mendoza', 302);
INSERT INTO BARBEROS (ID_Barbero, Nombre_Barbero, Apellido_Barbero, ID_Sede) VALUES (126, 'Martín', 'Suárez', 302);
INSERT INTO BARBEROS (ID_Barbero, Nombre_Barbero, Apellido_Barbero, ID_Sede) VALUES (127, 'Hernán', 'Quintero', 302);
INSERT INTO BARBEROS (ID_Barbero, Nombre_Barbero, Apellido_Barbero, ID_Sede) VALUES (128, 'Pablo', 'Vélez', 302);
INSERT INTO BARBEROS (ID_Barbero, Nombre_Barbero, Apellido_Barbero, ID_Sede) VALUES (129, 'Andrea', 'Restrepo', 302);
INSERT INTO BARBEROS (ID_Barbero, Nombre_Barbero, Apellido_Barbero, ID_Sede) VALUES (130, 'Gloria', 'Salazar', 302);
INSERT INTO BARBEROS (ID_Barbero, Nombre_Barbero, Apellido_Barbero, ID_Sede) VALUES (131, 'Hugo', 'Rendón', 303);
INSERT INTO BARBEROS (ID_Barbero, Nombre_Barbero, Apellido_Barbero, ID_Sede) VALUES (132, 'Ramiro', 'Jaramillo', 303);
INSERT INTO BARBEROS (ID_Barbero, Nombre_Barbero, Apellido_Barbero, ID_Sede) VALUES (133, 'Nicolás', 'García', 303);
INSERT INTO BARBEROS (ID_Barbero, Nombre_Barbero, Apellido_Barbero, ID_Sede) VALUES (134, 'Federico', 'Marín', 303);
INSERT INTO BARBEROS (ID_Barbero, Nombre_Barbero, Apellido_Barbero, ID_Sede) VALUES (135, 'Cristóbal', 'Zapata', 303);
INSERT INTO BARBEROS (ID_Barbero, Nombre_Barbero, Apellido_Barbero, ID_Sede) VALUES (136, 'Rafael', 'Pérez', 303);
INSERT INTO BARBEROS (ID_Barbero, Nombre_Barbero, Apellido_Barbero, ID_Sede) VALUES (137, 'Simón', 'Cano', 303);
INSERT INTO BARBEROS (ID_Barbero, Nombre_Barbero, Apellido_Barbero, ID_Sede) VALUES (138, 'Gustavo', 'Álvarez', 303);
INSERT INTO BARBEROS (ID_Barbero, Nombre_Barbero, Apellido_Barbero, ID_Sede) VALUES (139, 'Iván', 'Correa', 303);
INSERT INTO BARBEROS (ID_Barbero, Nombre_Barbero, Apellido_Barbero, ID_Sede) VALUES (140, 'Álvaro', 'Cardona', 303);
INSERT INTO BARBEROS (ID_Barbero, Nombre_Barbero, Apellido_Barbero, ID_Sede) VALUES (141, 'Pedro', 'Villegas', 303);
INSERT INTO BARBEROS (ID_Barbero, Nombre_Barbero, Apellido_Barbero, ID_Sede) VALUES (142, 'Jairo', 'Castaño', 303);
INSERT INTO BARBEROS (ID_Barbero, Nombre_Barbero, Apellido_Barbero, ID_Sede) VALUES (143, 'Andrés', 'Ortiz', 303);
INSERT INTO BARBEROS (ID_Barbero, Nombre_Barbero, Apellido_Barbero, ID_Sede) VALUES (144, 'Mariana', 'Londoño', 303);
INSERT INTO BARBEROS (ID_Barbero, Nombre_Barbero, Apellido_Barbero, ID_Sede) VALUES (145, 'Camila', 'Salas', 303);
INSERT INTO BARBEROS (ID_Barbero, Nombre_Barbero, Apellido_Barbero, ID_Sede) VALUES (146, 'Julián', 'Mesa', 304);
INSERT INTO BARBEROS (ID_Barbero, Nombre_Barbero, Apellido_Barbero, ID_Sede) VALUES (147, 'Samuel', 'Henao', 304);
INSERT INTO BARBEROS (ID_Barbero, Nombre_Barbero, Apellido_Barbero, ID_Sede) VALUES (148, 'Felipe', 'Córdoba', 304);
INSERT INTO BARBEROS (ID_Barbero, Nombre_Barbero, Apellido_Barbero, ID_Sede) VALUES (149, 'Rodrigo', 'Jiménez', 304);
INSERT INTO BARBEROS (ID_Barbero, Nombre_Barbero, Apellido_Barbero, ID_Sede) VALUES (150, 'Germán', 'Valencia', 304);
INSERT INTO BARBEROS (ID_Barbero, Nombre_Barbero, Apellido_Barbero, ID_Sede) VALUES (151, 'Manuel', 'Mora', 304);
INSERT INTO BARBEROS (ID_Barbero, Nombre_Barbero, Apellido_Barbero, ID_Sede) VALUES (152, 'Óscar', 'Bedoya', 304);
INSERT INTO BARBEROS (ID_Barbero, Nombre_Barbero, Apellido_Barbero, ID_Sede) VALUES (153, 'Darío', 'Restrepo', 304);
INSERT INTO BARBEROS (ID_Barbero, Nombre_Barbero, Apellido_Barbero, ID_Sede) VALUES (154, 'Henry', 'Zuluaga', 304);
INSERT INTO BARBEROS (ID_Barbero, Nombre_Barbero, Apellido_Barbero, ID_Sede) VALUES (155, 'Adrián', 'Castaño', 304);
INSERT INTO BARBEROS (ID_Barbero, Nombre_Barbero, Apellido_Barbero, ID_Sede) VALUES (156, 'León', 'Ortiz', 304);
INSERT INTO BARBEROS (ID_Barbero, Nombre_Barbero, Apellido_Barbero, ID_Sede) VALUES (157, 'Jhon', 'Arango', 304);
INSERT INTO BARBEROS (ID_Barbero, Nombre_Barbero, Apellido_Barbero, ID_Sede) VALUES (158, 'Ómar', 'Muñoz', 304);
INSERT INTO BARBEROS (ID_Barbero, Nombre_Barbero, Apellido_Barbero, ID_Sede) VALUES (159, 'Paula', 'García', 304);
INSERT INTO BARBEROS (ID_Barbero, Nombre_Barbero, Apellido_Barbero, ID_Sede) VALUES (160, 'Daniela', 'Franco', 304);
INSERT INTO BARBEROS (ID_Barbero, Nombre_Barbero, Apellido_Barbero, ID_Sede) VALUES (161, 'Cristian', 'Arias', 305);
INSERT INTO BARBEROS (ID_Barbero, Nombre_Barbero, Apellido_Barbero, ID_Sede) VALUES (162, 'Jairo', 'Suárez', 305);
INSERT INTO BARBEROS (ID_Barbero, Nombre_Barbero, Apellido_Barbero, ID_Sede) VALUES (163, 'Elkin', 'Berrío', 305);
INSERT INTO BARBEROS (ID_Barbero, Nombre_Barbero, Apellido_Barbero, ID_Sede) VALUES (164, 'Wilson', 'Ortiz', 305);
INSERT INTO BARBEROS (ID_Barbero, Nombre_Barbero, Apellido_Barbero, ID_Sede) VALUES (165, 'Camilo', 'Gaviria', 305);
INSERT INTO BARBEROS (ID_Barbero, Nombre_Barbero, Apellido_Barbero, ID_Sede) VALUES (166, 'Orlando', 'Sierra', 305);
INSERT INTO BARBEROS (ID_Barbero, Nombre_Barbero, Apellido_Barbero, ID_Sede) VALUES (167, 'Sergio', 'Villa', 305);
INSERT INTO BARBEROS (ID_Barbero, Nombre_Barbero, Apellido_Barbero, ID_Sede) VALUES (168, 'Andrés', 'Muñoz', 305);
INSERT INTO BARBEROS (ID_Barbero, Nombre_Barbero, Apellido_Barbero, ID_Sede) VALUES (169, 'Nicolás', 'Ríos', 305);
INSERT INTO BARBEROS (ID_Barbero, Nombre_Barbero, Apellido_Barbero, ID_Sede) VALUES (170, 'Julio', 'Botero', 305);
INSERT INTO BARBEROS (ID_Barbero, Nombre_Barbero, Apellido_Barbero, ID_Sede) VALUES (171, 'Miguel', 'Salinas', 305);
INSERT INTO BARBEROS (ID_Barbero, Nombre_Barbero, Apellido_Barbero, ID_Sede) VALUES (172, 'Iván', 'Ochoa', 305);
INSERT INTO BARBEROS (ID_Barbero, Nombre_Barbero, Apellido_Barbero, ID_Sede) VALUES (173, 'Ramiro', 'Jiménez', 305);
INSERT INTO BARBEROS (ID_Barbero, Nombre_Barbero, Apellido_Barbero, ID_Sede) VALUES (174, 'Liliana', 'Castro', 305);
INSERT INTO BARBEROS (ID_Barbero, Nombre_Barbero, Apellido_Barbero, ID_Sede) VALUES (175, 'Carolina', 'López', 305);
INSERT INTO BARBEROS (ID_Barbero, Nombre_Barbero, Apellido_Barbero, ID_Sede) VALUES (176, 'Héctor', 'Zapata', 306);
INSERT INTO BARBEROS (ID_Barbero, Nombre_Barbero, Apellido_Barbero, ID_Sede) VALUES (177, 'Óscar', 'García', 306);
INSERT INTO BARBEROS (ID_Barbero, Nombre_Barbero, Apellido_Barbero, ID_Sede) VALUES (178, 'Mauricio', 'Quintero', 306);
INSERT INTO BARBEROS (ID_Barbero, Nombre_Barbero, Apellido_Barbero, ID_Sede) VALUES (179, 'Álvaro', 'Pérez', 306);
INSERT INTO BARBEROS (ID_Barbero, Nombre_Barbero, Apellido_Barbero, ID_Sede) VALUES (180, 'David', 'Sierra', 306);
INSERT INTO BARBEROS (ID_Barbero, Nombre_Barbero, Apellido_Barbero, ID_Sede) VALUES (181, 'Andrés', 'Cardona', 306);
INSERT INTO BARBEROS (ID_Barbero, Nombre_Barbero, Apellido_Barbero, ID_Sede) VALUES (182, 'Juan', 'Molina', 306);
INSERT INTO BARBEROS (ID_Barbero, Nombre_Barbero, Apellido_Barbero, ID_Sede) VALUES (183, 'Santiago', 'Ceballos', 306);
INSERT INTO BARBEROS (ID_Barbero, Nombre_Barbero, Apellido_Barbero, ID_Sede) VALUES (184, 'Camilo', 'Agudelo', 306);
INSERT INTO BARBEROS (ID_Barbero, Nombre_Barbero, Apellido_Barbero, ID_Sede) VALUES (185, 'Felipe', 'Vallejo', 306);
INSERT INTO BARBEROS (ID_Barbero, Nombre_Barbero, Apellido_Barbero, ID_Sede) VALUES (186, 'Leonardo', 'Tobón', 306);
INSERT INTO BARBEROS (ID_Barbero, Nombre_Barbero, Apellido_Barbero, ID_Sede) VALUES (187, 'Martín', 'Montoya', 306);
INSERT INTO BARBEROS (ID_Barbero, Nombre_Barbero, Apellido_Barbero, ID_Sede) VALUES (188, 'Esteban', 'Restrepo', 306);
INSERT INTO BARBEROS (ID_Barbero, Nombre_Barbero, Apellido_Barbero, ID_Sede) VALUES (189, 'Juliana', 'Ramírez', 306);
INSERT INTO BARBEROS (ID_Barbero, Nombre_Barbero, Apellido_Barbero, ID_Sede) VALUES (190, 'Manuela', 'Jiménez', 306);
